{
  "Cooking": {
    "Din In Jerusalem": {
      "adminName": "system",
      "date": "29-11-2025",
      "location": "Jerusalem",
      "numParticipant": 3
    },
    "Dine In Tel Aviv": {
      "adminName": "system",
      "date": "09-08-27",
      "location": "Tel Aviv",
      "numParticipant": 5
    },
    "description": "Here we will have food gatherings, in the style of the \"Come Dine With Me\" series, where each participant will have to prepare an appetizer, a main course and a dessert and at the end of each evening grades will be given according to the quality of the hospitality and the meal."
  },
  "Game": {
    "Basketball": {
      "adminName": "system",
      "date": "27-03-2028",
      "location": "Azur",
      "maxPlayers": 9,
      "minPlayers": 3,
      "time": "20:30:00"
    },
    "Football": {
      "adminName": "",
      "date": "",
      "location": "",
      "maxPlayers": "",
      "minPlayers": "",
      "time": ""
    },
    "desription": "Here you can initiate meetings for any game of this or that, if it is in the neighborhood/ Sony Playstation/ computer/ phone/ Xbox"
  },
  "Movies": {
    "Charlie And Half": {
      "adminName": "system",
      "date": "20-04-2025",
      "location": "Jerusalem",
      "time": "20:30:00"
    },
    "The Jocker": {
      "adminName": "system",
      "date": "1-04-2026",
      "location": "Tel Aviv",
      "time": "20:30:00"
    },
    "description": "Here we will have movie viewing sessions"
  }
}